permno,alpha,year_month
85245,1.5101635009349357,2010-01
80193,1.5096493792777732,2010-01
88193,1.5035645192543854,2010-01
78210,1.5029449700140052,2010-01
82859,1.4995663109204114,2010-01
87602,1.473874573544622,2010-01
87264,1.4721631065118224,2010-01
87478,1.4609155034364647,2010-01
82635,1.4523363402072715,2010-01
80918,1.4396335531580495,2010-01
82571,1.4956794964246205,2010-02
77669,1.4754252090509297,2010-02
84319,1.4651343614559358,2010-02
87264,1.465133131201389,2010-02
88457,1.4624138941031628,2010-02
83558,1.4512685097685336,2010-02
43757,1.4373078917887785,2010-02
77515,1.4328404155980152,2010-02
78071,1.4292596920963,2010-02
75316,1.4261152935884107,2010-02
87089,1.5158240443374364,2010-03
90440,1.5038206926271462,2010-03
78008,1.4957878758107357,2010-03
86990,1.484572910884556,2010-03
85427,1.4830326643631009,2010-03
77669,1.4820262281303107,2010-03
85216,1.4793962299299777,2010-03
87508,1.47572960437359,2010-03
85204,1.4679527081779515,2010-03
51263,1.4609495339331628,2010-03
18033,1.4874723000868109,2010-04
82587,1.486879674876033,2010-04
88321,1.4806983195994905,2010-04
65008,1.478304888499297,2010-04
59774,1.4703321909158926,2010-04
85280,1.4578525500334731,2010-04
86155,1.455501915055818,2010-04
76223,1.4504270390550356,2010-04
84157,1.4477033924696396,2010-04
85034,1.4452595625646338,2010-04
88359,1.4998856457492495,2010-05
76207,1.4964682668972176,2010-05
87478,1.4918218785069866,2010-05
13056,1.4890073273206097,2010-05
80539,1.4880775580275454,2010-05
87172,1.4825140430719104,2010-05
76383,1.4823848193912674,2010-05
19271,1.4632192985513384,2010-05
27909,1.4460555721606252,2010-05
10514,1.4332942525214578,2010-05
34818,1.4918553066294338,2010-06
56223,1.488179726525039,2010-06
20670,1.4761131181634388,2010-06
87478,1.4756715505149212,2010-06
87538,1.4711622769496786,2010-06
75730,1.4587709842870662,2010-06
75854,1.4456657397843609,2010-06
65285,1.4207157181291057,2010-06
87364,1.4162361589325694,2010-06
86496,1.413752475923206,2010-06
87089,1.5035928320538603,2010-07
79417,1.4845754015475414,2010-07
76671,1.4836186026976017,2010-07
80193,1.4762244358069954,2010-07
82635,1.4758136366590593,2010-07
20765,1.4725995317948808,2010-07
79307,1.4710700625860875,2010-07
82762,1.4574065257062612,2010-07
87510,1.4322386358736725,2010-07
75854,1.4252119604693765,2010-07
79502,1.5022394679373006,2010-08
90377,1.4679037168355602,2010-08
85320,1.409166620279931,2010-08
82702,1.327118754587494,2010-08
87478,1.3197257353042755,2010-08
80943,1.3060732616613002,2010-08
87494,1.2539822417650417,2010-08
66852,1.2494332574547744,2010-08
82176,1.225972375653674,2010-08
87089,1.197615336972712,2010-08
33532,1.483534822942114,2010-09
84320,1.4716542167691873,2010-09
86034,1.4509856111775623,2010-09
85567,1.4390460018467073,2010-09
81124,1.4004877043230373,2010-09
72611,1.392264213924815,2010-09
76858,1.3659164224104203,2010-09
76686,1.359518531433673,2010-09
79502,1.3074577666184162,2010-09
58836,1.264371710156803,2010-09
34673,1.4919633351976878,2010-10
75603,1.484216977170746,2010-10
86017,1.4461330992162382,2010-10
76858,1.4247466166141256,2010-10
87379,1.3648972927353251,2010-10
65008,1.3497541386981844,2010-10
10180,1.278930273030014,2010-10
81562,1.2129775004635526,2010-10
76686,1.187658796672579,2010-10
86333,1.1848242996454024,2010-10
83534,1.518209773570668,2010-11
81173,1.4825354336077234,2010-11
88321,1.404902048695161,2010-11
77186,1.3631065179977278,2010-11
81124,1.3196119126811152,2010-11
87632,1.309645813729397,2010-11
87390,1.296483184666179,2010-11
75854,1.2859645383999727,2010-11
76686,1.281252261311386,2010-11
87816,1.2742474279397658,2010-11
88596,1.4894350845065678,2010-12
85953,1.4543123893914498,2010-12
15457,1.4255811187368903,2010-12
88863,1.4095408819613269,2010-12
86034,1.340722150372862,2010-12
85177,1.3286137951048935,2010-12
35705,1.315458219792677,2010-12
87172,1.2990242268031558,2010-12
82762,1.295695563601389,2010-12
75853,1.2667470814927273,2010-12
83534,1.4611540084085743,2011-01
87816,1.4308670047621586,2011-01
76020,1.4188860476263954,2011-01
87510,1.3767976371938566,2011-01
88359,1.3607755843807987,2011-01
82504,1.333849349742921,2011-01
12217,1.3257634948845576,2011-01
81212,1.325199967442113,2011-01
86034,1.3240103233665623,2011-01
76582,1.3110807958904844,2011-01
77610,1.4856073140709871,2011-02
75734,1.4816915088616909,2011-02
75272,1.478955113392222,2011-02
80969,1.4638825954038808,2011-02
79307,1.4603498137628277,2011-02
33532,1.4546673852159395,2011-02
88163,1.4352993038655897,2011-02
79417,1.4183125263116765,2011-02
85567,1.4178791290732644,2011-02
88468,1.3957304296541877,2011-02
87785,1.4749707114993422,2011-03
15457,1.4155419280805597,2011-03
84157,1.4088145325672603,2011-03
85611,1.3581807954239609,2011-03
80719,1.346110214537686,2011-03
61269,1.343875479836861,2011-03
88596,1.3057025010497003,2011-03
85013,1.2786735833932614,2011-03
80918,1.2774526267315744,2011-03
33532,1.2624068145226228,2011-03
81740,1.4848788747914563,2011-04
59600,1.476463794759971,2011-04
85880,1.4657617023135756,2011-04
85013,1.4553114427096654,2011-04
87345,1.446951120481502,2011-04
83534,1.4309005594961486,2011-04
75578,1.4143515668244009,2011-04
53575,1.4093413662873426,2011-04
76613,1.401790059544894,2011-04
85611,1.3757293891674054,2011-04
76310,1.4408080989726857,2011-05
65008,1.4224059453970146,2011-05
45560,1.4021497121691533,2011-05
88535,1.378172818994622,2011-05
80638,1.35943979335781,2011-05
88550,1.3387833101469688,2011-05
84330,1.3296831982340849,2011-05
78071,1.3263839691685435,2011-05
85951,1.3207828871884235,2011-05
85686,1.285802318408845,2011-05
85526,1.5120789723418189,2011-06
80165,1.504559480162526,2011-06
59600,1.4665432625496952,2011-06
79444,1.4242319683696578,2011-06
82504,1.3921718491351556,2011-06
87816,1.384484232835167,2011-06
85686,1.3792783110711346,2011-06
81165,1.3696881244449113,2011-06
88550,1.35391700890208,2011-06
82176,1.2937960993882822,2011-06
85177,1.497256507500467,2011-07
88167,1.4873920135009682,2011-07
88511,1.4724610628011554,2011-07
82504,1.4477714325154705,2011-07
77610,1.420230602936596,2011-07
65008,1.4008255369066502,2011-07
82635,1.367683578358543,2011-07
80165,1.3457522590621125,2011-07
80928,1.3315369278166158,2011-07
75596,1.3086063949348938,2011-07
77289,1.4830816593277056,2011-08
85951,1.450446418313639,2011-08
88167,1.4296922949305066,2011-08
39482,1.3828586233978415,2011-08
79444,1.3735618707549322,2011-08
11292,1.2917212879153313,2011-08
81212,1.2895233509235546,2011-08
83659,1.285304635152741,2011-08
75101,1.2309416334825851,2011-08
80165,1.210307316663925,2011-08
10860,1.504645229814695,2011-09
84319,1.4991232621788817,2011-09
88167,1.48839409606946,2011-09
87816,1.4839200572118818,2011-09
77413,1.446485256143617,2011-09
12149,1.4435952074395668,2011-09
77787,1.4206474305835437,2011-09
80165,1.409603635171036,2011-09
53575,1.4061576197658383,2011-09
10100,1.376116954349999,2011-09
45560,1.4383400006035516,2011-10
76274,1.373017004124106,2011-10
80918,1.3313422493792004,2011-10
10100,1.3220141386415936,2011-10
84581,1.2951593515570765,2011-10
80165,1.2890129977592335,2011-10
73219,1.2691368856033671,2011-10
77004,1.2631749094275273,2011-10
86489,1.135045358878929,2011-10
88167,1.1283907991744422,2011-10
45560,1.475830775083755,2011-11
80918,1.17758319546848,2011-11
84581,1.099324354454687,2011-11
88511,1.0491845921711709,2011-11
10100,1.0269308650171542,2011-11
80165,0.8602056962562736,2011-11
88177,0.8321050692620515,2011-11
88167,0.8305582611062171,2011-11
80019,0.8089852178747944,2011-11
10860,0.7866053167128222,2011-11
86531,1.2915238004074612,2011-12
83950,1.2759674338245557,2011-12
87000,1.2667665831824233,2011-12
88167,1.2461002836264077,2011-12
82513,1.2017706581212455,2011-12
78071,1.1976852628628305,2011-12
86489,1.154629981068937,2011-12
77186,1.0465996206167918,2011-12
76274,1.0256629489677551,2011-12
88511,0.9945409855361684,2011-12
82513,1.2906678222841517,2012-01
45560,1.2829034958242342,2012-01
79022,0.9844397294193056,2012-01
80019,0.9782255862889356,2012-01
77186,0.9759430079121793,2012-01
73219,0.9518317003546928,2012-01
88167,0.9111849386239844,2012-01
75107,0.905344095877336,2012-01
87000,0.8876059464058819,2012-01
14219,0.866908428773909,2012-01
88167,1.4258339184026474,2012-02
83950,1.2325396598157452,2012-02
45560,1.177116543386186,2012-02
10661,1.1632796815360578,2012-02
73219,1.087956289769315,2012-02
77505,1.0428484915094436,2012-02
10180,1.0247401891327137,2012-02
79022,1.0215070461330278,2012-02
86489,0.9445465641651752,2012-02
85511,0.880665721118034,2012-02
77505,1.3967057913147525,2012-03
88167,1.184396736605398,2012-03
84311,1.1558034844321758,2012-03
76207,1.1519118477352726,2012-03
87000,1.1218081883829087,2012-03
86489,1.0579481926775178,2012-03
73219,1.0399902623642543,2012-03
11903,0.9988728433045057,2012-03
83633,0.9807915212797998,2012-03
34948,0.9516240034497516,2012-03
83630,1.4777004250558947,2012-04
62906,1.459592523019071,2012-04
77630,1.4388673759537352,2012-04
88167,1.4155655907829914,2012-04
86489,1.2381107267022216,2012-04
79499,1.1844392446290404,2012-04
10661,1.176555804537174,2012-04
76207,1.1685259973923752,2012-04
77327,1.1340572459923608,2012-04
61496,1.0505771448876264,2012-04
10257,1.4282342444864096,2012-05
76207,1.3465446017811074,2012-05
77630,1.2972497218648429,2012-05
11144,1.234591586999262,2012-05
10333,1.2081932700553295,2012-05
62906,1.1656590378545262,2012-05
88167,1.132653984253318,2012-05
32299,1.1177714167964403,2012-05
88421,1.015758740698976,2012-05
86237,1.0018938176160528,2012-05
85511,1.4957149899373496,2012-06
37154,1.4853930209364732,2012-06
32299,1.4737183818446964,2012-06
73219,1.406536145999232,2012-06
77505,1.3830851536512805,2012-06
10333,1.307406909988244,2012-06
62906,1.275787429640016,2012-06
79150,1.211023316244569,2012-06
61487,1.176012889284452,2012-06
89606,1.1726768051208616,2012-06
76207,1.480834725906247,2012-07
62906,1.2144124682182045,2012-07
77505,1.1009259861603915,2012-07
81084,1.094386197106295,2012-07
83844,1.0898845402723218,2012-07
77327,1.0888314184366594,2012-07
89606,1.0574878712631892,2012-07
77630,1.0465067862977078,2012-07
37154,0.9811811814450672,2012-07
79499,0.9235396090054228,2012-07
10333,1.384382571262014,2012-08
89606,1.2694581048059634,2012-08
81084,1.1015378081624976,2012-08
77630,1.0923857228541676,2012-08
10180,1.067375610392368,2012-08
86042,1.061162660937237,2012-08
79499,1.0507375161036765,2012-08
83844,1.036572819628694,2012-08
76207,1.0330814064554028,2012-08
76978,1.010694877240551,2012-08
90178,1.451882872072806,2012-09
81010,1.4254158904235716,2012-09
20670,1.2887665010201812,2012-09
88790,1.2014879052326697,2012-09
83844,1.112047540773394,2012-09
83391,1.100240762628412,2012-09
88167,1.0515337373635183,2012-09
88740,1.0491996880270322,2012-09
11506,1.0387577642984926,2012-09
86889,1.0109566817017068,2012-09
83844,1.5076098420944266,2012-10
90916,1.5045406072307026,2012-10
88740,1.4814883298862802,2012-10
80485,1.4228746162340569,2012-10
11144,1.4199723221689282,2012-10
56223,1.4012246331555716,2012-10
79150,1.39475429128598,2012-10
83391,1.3924456911849707,2012-10
80019,1.3629230339429204,2012-10
62383,1.3130795405041074,2012-10
83239,1.5009843174357669,2012-11
87771,1.496819437425718,2012-11
85320,1.424142714921375,2012-11
88740,1.3876989211852644,2012-11
83558,1.3732540878181672,2012-11
83844,1.3713129773922084,2012-11
11506,1.363809129454422,2012-11
77282,1.3129423216766476,2012-11
79150,1.2775642546245716,2012-11
10913,1.2687944065472596,2012-11
77505,1.4855808223411695,2012-12
84734,1.4331590711505873,2012-12
80517,1.4131077382191382,2012-12
16030,1.271375009409924,2012-12
49322,1.2574835629682992,2012-12
80297,1.2236772165132972,2012-12
88368,1.2178122785899643,2012-12
87494,1.2151974964770371,2012-12
75261,1.208610418586772,2012-12
10333,1.184841974099236,2012-12
83844,1.4707554209806764,2013-01
77630,1.4604151663604346,2013-01
10333,1.4298689556013893,2013-01
80019,1.3968896831226874,2013-01
10913,1.350853257578097,2013-01
11144,1.2947839736004878,2013-01
85728,1.2934075999768762,2013-01
89606,1.2267688908652343,2013-01
88516,1.2060705355838897,2013-01
75222,1.1511878671570963,2013-01
61496,1.4729957837247776,2013-02
10913,1.432163651891584,2013-02
37154,1.34908572310298,2013-02
80297,1.3398202912323385,2013-02
86073,1.3116555785871555,2013-02
80019,1.3102877214505346,2013-02
38746,1.2732076196303457,2013-02
85419,1.110099098265086,2013-02
78038,1.0343693512608343,2013-02
88516,0.9713668463732577,2013-02
76847,1.4473916667568472,2013-03
61496,1.4325434308526963,2013-03
10913,1.373800181637585,2013-03
80297,1.3705776651472663,2013-03
85453,1.3416629477404427,2013-03
86073,1.3329305300925098,2013-03
85439,1.3267688696681068,2013-03
85419,1.2677483653731614,2013-03
86866,1.2513101603676309,2013-03
79249,1.19353864491553,2013-03
88421,1.4876017745375596,2013-04
82287,1.419691896329703,2013-04
85419,1.2815171334439397,2013-04
85439,1.25402482375734,2013-04
83856,1.226214983768774,2013-04
65285,1.1866119207326742,2013-04
86073,1.1845403729803377,2013-04
12266,1.17249944657905,2013-04
86866,1.128058639072864,2013-04
85077,1.1079835304949204,2013-04
85419,1.4993142462870788,2013-05
87508,1.4953810020242115,2013-05
79249,1.4774762931334953,2013-05
80019,1.4517071502267933,2013-05
88516,1.4490927918035057,2013-05
83989,1.3816364985053124,2013-05
88351,1.3714928610746568,2013-05
10258,1.3112872853309565,2013-05
83317,1.299770176081671,2013-05
86042,1.290918657968648,2013-05
79249,1.477937435880645,2013-06
87508,1.471908287179266,2013-06
77282,1.4573630137900997,2013-06
10913,1.3488049711481156,2013-06
11803,1.293768081305731,2013-06
12266,1.268402891737025,2013-06
77007,1.264518395256084,2013-06
85419,1.2443405376215768,2013-06
83239,1.240765739452255,2013-06
75527,1.2330745505727378,2013-06
87394,1.5028685185301789,2013-07
77340,1.4891499097541996,2013-07
88172,1.4809471630925402,2013-07
85439,1.436298420665989,2013-07
88779,1.3898192268875356,2013-07
90178,1.3871300013708696,2013-07
88372,1.2674770022885682,2013-07
85419,1.2624567768222286,2013-07
78071,1.254448083608664,2013-07
10258,1.2437201359090402,2013-07
77007,1.496265529318734,2013-08
86889,1.495547214065148,2013-08
10913,1.4913310314761663,2013-08
86073,1.3635720910439433,2013-08
44951,1.3041526191854436,2013-08
80943,1.283352054166893,2013-08
39220,1.2732130683983125,2013-08
86209,1.2469421505500744,2013-08
10886,1.2019785000239522,2013-08
65285,1.1971177199106116,2013-08
79507,1.501005746975374,2013-09
88372,1.4723118280952645,2013-09
88779,1.430826583387735,2013-09
10886,1.4121925997589435,2013-09
86073,1.3875181108553671,2013-09
10913,1.3810618485886457,2013-09
87759,1.3799167592312132,2013-09
85482,1.3520082946325616,2013-09
87394,1.2899194085543166,2013-09
10507,1.287896079735376,2013-09
88372,1.42561376782692,2013-10
85320,1.4237761966054758,2013-10
88779,1.3895275914530147,2013-10
77340,1.342867652912362,2013-10
82831,1.3229963508863165,2013-10
85440,1.2989755610377884,2013-10
59483,1.2953423196922078,2013-10
83529,1.2934045118734778,2013-10
87759,1.2734459931127151,2013-10
88172,1.267663997514317,2013-10
80943,1.4447899872914007,2013-11
44951,1.4225280624510477,2013-11
86073,1.3963779362693296,2013-11
88779,1.3734576136710013,2013-11
88172,1.3728794087748444,2013-11
86889,1.34705291765036,2013-11
86866,1.3400138442804908,2013-11
83756,1.3260861739106866,2013-11
20504,1.307825019660828,2013-11
87759,1.3054683237167248,2013-11
20670,1.4904932778431377,2013-12
88148,1.4856192924603429,2013-12
86709,1.4719315721167936,2013-12
87227,1.4509524014407391,2013-12
87759,1.438085898547112,2013-12
88172,1.4316280947538491,2013-12
78081,1.401471075061155,2013-12
86155,1.3879876119384111,2013-12
85440,1.3768140800389728,2013-12
88779,1.3684423280313966,2013-12
88172,1.4644875451849602,2014-01
85439,1.4588651906300998,2014-01
83616,1.4506564076468278,2014-01
78081,1.450181586052347,2014-01
77630,1.4490062381084885,2014-01
81740,1.4377324286669642,2014-01
75033,1.4270379278708134,2014-01
86155,1.383594135904992,2014-01
44951,1.3825544973538506,2014-01
83145,1.3695491720572792,2014-01
50286,1.5003738570754557,2014-02
87510,1.4971735781432067,2014-02
15457,1.4532710896362546,2014-02
81740,1.4317370745021027,2014-02
20504,1.4108621621477453,2014-02
78081,1.3892644093692124,2014-02
77007,1.372459616769992,2014-02
21135,1.3012626116515378,2014-02
76128,1.2947230956776847,2014-02
10333,1.2855499444776362,2014-02
83989,1.5001892918910835,2014-03
10853,1.4978735078577972,2014-03
61496,1.471448568819653,2014-03
10258,1.4665396549186085,2014-03
20670,1.4646964436875076,2014-03
79150,1.4481895700962035,2014-03
86728,1.4349946318553997,2014-03
72494,1.4256789160961605,2014-03
15457,1.4213001030440022,2014-03
86122,1.4098676003126227,2014-03
79150,1.4906246270815529,2014-04
86122,1.4791596686668789,2014-04
88148,1.477224018579136,2014-04
15457,1.4717049865684468,2014-04
10886,1.4633327378853704,2014-04
86728,1.4386191023740602,2014-04
88351,1.4383345352705172,2014-04
61496,1.4382846767336095,2014-04
85349,1.4040826335058467,2014-04
72494,1.388768675065278,2014-04
72304,1.4652135617253357,2014-05
10853,1.431765152687823,2014-05
85686,1.42201461648379,2014-05
86435,1.3690125927003312,2014-05
86098,1.3687614270301562,2014-05
90088,1.3280681819095963,2014-05
37154,1.2929486117008502,2014-05
20670,1.291990943284339,2014-05
79797,1.2856944119247715,2014-05
79791,1.2504812743246567,2014-05
10257,1.3471363369250149,2014-06
86763,1.3201288705475758,2014-06
68718,1.3114953082059568,2014-06
84320,1.3110152901870191,2014-06
79790,1.3090579077742217,2014-06
80274,1.2814255821832603,2014-06
33532,1.2778442843222706,2014-06
10853,1.251476513159963,2014-06
85686,1.236414189908741,2014-06
85724,1.2174606834926325,2014-06
86763,1.5021643403586005,2014-07
87439,1.4573760247634284,2014-07
33532,1.4292015679233518,2014-07
10853,1.3482328701765935,2014-07
86435,1.221187400714848,2014-07
51960,1.2197883200512436,2014-07
68830,1.2117028364627709,2014-07
86047,1.2015107668853675,2014-07
88516,1.170245298908518,2014-07
80274,1.1538975976794723,2014-07
86047,1.4265787294334449,2014-08
84581,1.4160298235695048,2014-08
33532,1.3677013941934657,2014-08
86435,1.3125981944332776,2014-08
80719,1.297766719342376,2014-08
84604,1.2631984479158882,2014-08
83756,1.2277923967486124,2014-08
10853,1.2183832408652544,2014-08
86763,1.216167865473302,2014-08
79159,1.2114350786699957,2014-08
61955,1.4725235199385038,2014-09
10507,1.4683093079404232,2014-09
80274,1.320058443173338,2014-09
79248,1.2870164649850573,2014-09
85187,1.284078692083727,2014-09
83244,1.1979332361404649,2014-09
10257,1.1779908487584576,2014-09
27617,1.17481696045543,2014-09
86122,1.1549954888347571,2014-09
84604,1.1267033878887502,2014-09
86435,1.396991670261922,2014-10
85570,1.36674638450131,2014-10
79248,1.3397396497103835,2014-10
86047,1.2277029633569647,2014-10
27617,1.2263391722724988,2014-10
85187,1.189814372599883,2014-10
33209,1.1629890622326782,2014-10
12226,1.1046145546111346,2014-10
87053,1.090345134145416,2014-10
79159,1.0635690584075852,2014-10
68830,1.309291160171564,2014-11
12226,1.2892436706724666,2014-11
80918,1.2200565300767905,2014-11
76360,1.2196266831535985,2014-11
11825,1.026862742022276,2014-11
85187,0.9828977929221456,2014-11
87832,0.9437753512973728,2014-11
39029,0.9385237380976756,2014-11
86098,0.9365736865970002,2014-11
85686,0.9237430015112134,2014-11
10645,1.4897278597739405,2014-12
84302,1.467708324148706,2014-12
80969,1.3064642253669838,2014-12
12226,1.2874920079979542,2014-12
86435,1.2785878269661186,2014-12
82670,1.2527228625323417,2014-12
88278,1.2111353962130824,2014-12
59483,1.1575380363013943,2014-12
81278,1.1335303838306987,2014-12
77282,1.1310675159153505,2014-12
82768,1.447817682400868,2015-01
83244,1.4196850862624413,2015-01
87337,1.2468989286641112,2015-01
81278,1.1279364049814633,2015-01
76360,1.1226773417717753,2015-01
54244,1.0492314935094411,2015-01
10853,1.0084562860292734,2015-01
10645,1.0080475614560989,2015-01
83799,1.0007289644900554,2015-01
83534,0.9263978630003876,2015-01
82670,1.3895253132106145,2015-02
86993,1.3272841469228691,2015-02
82768,1.3131726608483625,2015-02
77282,1.2081681135159783,2015-02
88278,1.0977450309916943,2015-02
76360,1.0900954557635545,2015-02
11368,1.0209385234795718,2015-02
83799,0.9336264688773634,2015-02
88863,0.9141040003321635,2015-02
83244,0.906347438879983,2015-02
76360,1.410506851993978,2015-03
54244,1.3566174892792646,2015-03
47861,1.132836326503756,2015-03
84581,1.0599387666332905,2015-03
88807,1.0175176414162703,2015-03
10363,0.9464713294757542,2015-03
82670,0.942719750214678,2015-03
85187,0.8692094064232457,2015-03
88278,0.8458568115535869,2015-03
88863,0.829831331271736,2015-03
47861,1.3548952307825817,2015-04
54244,1.3249677097025707,2015-04
10363,1.320377438453619,2015-04
75596,1.1430563519969512,2015-04
12226,1.1184775005123062,2015-04
87162,1.027864568374145,2015-04
88278,0.9652177825164716,2015-04
82670,0.8921423080510879,2015-04
80943,0.8820486942634436,2015-04
85187,0.8609065376754529,2015-04
88807,1.439039644219538,2015-05
13600,1.2019588398340728,2015-05
47861,1.1934883534876413,2015-05
12226,1.116092544096251,2015-05
54244,1.1087174794646857,2015-05
85187,1.0477816839529976,2015-05
84581,1.0196911624930076,2015-05
11701,1.0049631396551186,2015-05
87162,0.9966523167627132,2015-05
82639,0.9583301071520144,2015-05
85187,1.3791776455908362,2015-06
88278,1.349695756285154,2015-06
10259,1.1337111963349158,2015-06
85739,1.058473059024671,2015-06
47861,1.0484747960253982,2015-06
17137,0.9517962091767636,2015-06
82670,0.9326882458598976,2015-06
77282,0.9300380924741424,2015-06
75526,0.9185891026927336,2015-06
77165,0.9123827420270686,2015-06
11481,1.313365456749186,2015-07
76360,1.2172438954652365,2015-07
80969,1.1965708512408504,2015-07
47861,1.1802253083974652,2015-07
88807,1.0912963084522824,2015-07
87656,1.0553082244230378,2015-07
12226,1.0331274457742767,2015-07
17137,1.0281032528277327,2015-07
83382,1.027845563874168,2015-07
87302,0.9750620159945504,2015-07
11481,1.4112906620594412,2015-08
76360,1.4019260924078307,2015-08
87000,1.1197364844920157,2015-08
77897,1.0985486625847238,2015-08
86048,1.0893445444021497,2015-08
85187,1.068351840324416,2015-08
86889,0.9697831809487432,2015-08
85686,0.9528139554025628,2015-08
87302,0.9431561602272608,2015-08
84010,0.9415793985500848,2015-08
82831,1.3293343674487663,2015-09
11292,1.2787593859501765,2015-09
85187,1.2223372850335483,2015-09
87437,1.1940101899750932,2015-09
11707,1.0528035120214811,2015-09
17137,1.0245244592807572,2015-09
77897,1.0187069074844428,2015-09
77208,1.0065432739208302,2015-09
10259,0.9657272013572918,2015-09
85739,0.932295017685296,2015-09
87000,1.360640961201082,2015-10
82779,1.3509157344519669,2015-10
85187,1.342781884027713,2015-10
11707,1.342542294344367,2015-10
83291,1.3168390448145866,2015-10
77897,1.2575107026355357,2015-10
86048,1.2073860275309871,2015-10
10259,1.0901852510760754,2015-10
14422,1.0617443169165288,2015-10
86819,1.0291343155186206,2015-10
86819,1.4749202238877837,2015-11
88626,1.4387318671219085,2015-11
77897,1.1479443998584566,2015-11
83291,1.0560759491111942,2015-11
78050,1.050678356509384,2015-11
85187,0.9902711204384752,2015-11
86048,0.8239928087783616,2015-11
87000,0.8142114307147682,2015-11
80812,0.7786562800645671,2015-11
77780,0.7717313233079296,2015-11
77897,1.4254812130943306,2015-12
87302,1.4104444486527925,2015-12
78213,1.1456313760250485,2015-12
79249,1.0872256520478791,2015-12
85572,1.0664541032555757,2015-12
85059,1.0524072976186662,2015-12
88626,1.020020329675965,2015-12
89877,1.01293228247684,2015-12
77780,0.9930715855730922,2015-12
12149,0.8509301689654021,2015-12
11707,1.2665070011967832,2016-01
85951,1.1290659476147733,2016-01
86763,1.0561980610505943,2016-01
75860,1.0256695782985925,2016-01
78213,1.023116818206326,2016-01
11481,1.0206609694777489,2016-01
77897,1.013362777104218,2016-01
86048,0.985178591500732,2016-01
88173,0.9692698923095912,2016-01
83291,0.9588888759043102,2016-01
87000,1.1889622965278035,2016-02
83149,1.1791245973084892,2016-02
88626,1.140941901475865,2016-02
86763,1.1115230237780898,2016-02
86048,0.9638312069866796,2016-02
85951,0.9268232472866248,2016-02
11707,0.9133601044155092,2016-02
76839,0.9103062020696184,2016-02
88173,0.90446940457036,2016-02
10257,0.8185300195397637,2016-02
31668,1.3730461513843617,2016-03
80812,1.184296645455554,2016-03
85951,0.9368148797887726,2016-03
43617,0.7444202610901429,2016-03
76839,0.6828067479497568,2016-03
78081,0.6256505640664594,2016-03
77790,0.591011083048414,2016-03
85187,0.5794690904170912,2016-03
10257,0.5656614960664335,2016-03
87437,0.5595002434367204,2016-03
80812,1.3882652218606124,2016-04
83149,1.001096794588777,2016-04
89606,0.813944112485245,2016-04
43617,0.771026346139691,2016-04
87000,0.5991029138703194,2016-04
12226,0.582279313122648,2016-04
85951,0.5794932457423746,2016-04
77790,0.5225068367564667,2016-04
77165,0.5195523001465979,2016-04
11803,0.4867706641738726,2016-04
38850,1.374560375853261,2016-05
43617,0.7928952673233144,2016-05
11803,0.7671638931837661,2016-05
76839,0.7258958018743383,2016-05
10257,0.7008422261240644,2016-05
82521,0.6360137568638281,2016-05
89606,0.6257263893753082,2016-05
83149,0.6129892558204554,2016-05
77780,0.6047041310273834,2016-05
84511,0.5908460119741368,2016-05
11803,1.0503026219948894,2016-06
43617,0.9057855568418042,2016-06
33209,0.8750816255565128,2016-06
88173,0.7941878258086403,2016-06
83149,0.7816741171695568,2016-06
82163,0.7576404835526662,2016-06
10966,0.7408144356004579,2016-06
10257,0.6987517385887377,2016-06
29867,0.6960255625784774,2016-06
88795,0.6031226659346716,2016-06
83834,1.3269238883931849,2016-07
11803,1.2027004162891577,2016-07
31668,1.025154641408233,2016-07
43617,1.0183943318636226,2016-07
88795,0.8894697962242946,2016-07
82163,0.8873410260685062,2016-07
33209,0.852701702410602,2016-07
12226,0.7787063219049212,2016-07
77175,0.7158185341790785,2016-07
88779,0.7112338938540156,2016-07
12226,1.377387861450453,2016-08
11825,1.3501942256327637,2016-08
88244,1.3412954820539502,2016-08
31668,1.2873723531459444,2016-08
77780,1.2747816511854304,2016-08
32299,1.1419325039549868,2016-08
80375,1.083483644006929,2016-08
27422,1.0503304266582452,2016-08
37154,0.9180293885783596,2016-08
83145,0.8863254798408526,2016-08
12226,1.4881339749194331,2016-09
88244,1.4050021507173234,2016-09
11825,1.3326704782607768,2016-09
83145,1.2064935864360975,2016-09
33209,1.1864782920546375,2016-09
79066,1.1492082525526297,2016-09
37154,1.1318010055123418,2016-09
11803,1.097204389609457,2016-09
31668,1.096270138057274,2016-09
83834,1.0656160835674335,2016-09
80019,1.3289652040825557,2016-10
12226,1.293794395972724,2016-10
82176,1.2759103169603376,2016-10
78156,1.2726704083291258,2016-10
71985,1.2421029177933514,2016-10
11803,1.232542987072332,2016-10
27422,1.1248156840762142,2016-10
11481,1.0960556026275792,2016-10
76788,1.0471932312569945,2016-10
63159,0.9952370729979962,2016-10
63159,1.3366391199485974,2016-11
11803,1.3209022250562474,2016-11
82176,1.2461610177457076,2016-11
79066,1.2241673174330143,2016-11
71985,1.1780904837828667,2016-11
12226,1.1435047204505149,2016-11
80375,1.1315784157765416,2016-11
81566,1.1237624291184858,2016-11
87437,1.080549238963065,2016-11
76788,1.054121566079905,2016-11
27422,1.2319281289129886,2016-12
71985,1.1865353217702757,2016-12
80019,1.162682885947807,2016-12
87437,1.1607847482600833,2016-12
81566,1.1139833572621571,2016-12
27167,1.0644216525471286,2016-12
11043,0.9089481520525152,2016-12
80375,0.8831146040626241,2016-12
81084,0.8337138905246915,2016-12
85570,0.8112074169823742,2016-12
32299,1.468053617820103,2017-01
81084,1.3528739648942076,2017-01
11043,1.3464828410051042,2017-01
87439,1.2068872116103162,2017-01
85077,1.2066106373315313,2017-01
78001,1.2043291916409469,2017-01
33823,1.1533490791492598,2017-01
76798,1.147152296786299,2017-01
28118,1.096937233205785,2017-01
80918,0.9691191145253832,2017-01
81566,1.502591112979335,2017-02
11043,1.5007440579204594,2017-02
81084,1.475630723454842,2017-02
86122,1.417074952803137,2017-02
33823,1.3888308135999714,2017-02
80375,1.3757163284621787,2017-02
63781,1.3516832705930475,2017-02
81173,1.250698114899761,2017-02
77780,1.241122727456928,2017-02
10421,1.237733621132612,2017-02
30840,1.4825546694593472,2017-03
79066,1.3804794458164078,2017-03
82196,1.3708180508565062,2017-03
38850,1.3667789765951612,2017-03
78186,1.274781152872573,2017-03
32651,1.2725484556814437,2017-03
87430,1.250810745727639,2017-03
86544,1.243986176765706,2017-03
85187,1.237069742210229,2017-03
76788,1.2214666181051703,2017-03
25304,1.3676737786917346,2017-04
85571,1.3617771698922934,2017-04
87589,1.3487427679386086,2017-04
14422,1.3477030209929446,2017-04
11644,1.237654818817884,2017-04
88648,1.2198096095337136,2017-04
53373,1.1835754444114075,2017-04
30840,1.166346183044897,2017-04
86122,1.1453161068210904,2017-04
84607,1.137701836766169,2017-04
82587,1.3974388338364774,2017-05
15284,1.3959516554235332,2017-05
80306,1.3572284823590783,2017-05
76788,1.2736828806426526,2017-05
77515,1.2650055360590369,2017-05
88648,1.2596462783155478,2017-05
81241,1.2232256855527557,2017-05
84007,1.2215103028150849,2017-05
79338,1.170313403631802,2017-05
74908,1.1241640977668936,2017-05
11644,1.4252395464534962,2017-06
82587,1.3984283258926946,2017-06
88542,1.3590681853266675,2017-06
83382,1.2851324538835156,2017-06
88260,1.2778689467367266,2017-06
85570,1.2761546464757751,2017-06
14422,1.2532686913137587,2017-06
15284,1.225587662372859,2017-06
79338,1.215156822702518,2017-06
12173,1.194980876149352,2017-06
88260,1.4823822758334289,2017-07
85187,1.426966420615808,2017-07
87430,1.4013067708671656,2017-07
85570,1.372630635848616,2017-07
85077,1.3680937458565037,2017-07
10860,1.3353892108812488,2017-07
88542,1.311922497442872,2017-07
79338,1.2988536377453364,2017-07
81241,1.2914905439500175,2017-07
82587,1.1665468874223597,2017-07
90129,1.4664586833548572,2017-08
87430,1.4523572131670683,2017-08
14422,1.3591643016080908,2017-08
75860,1.3367404964140668,2017-08
10860,1.3195637367135695,2017-08
10966,1.2722748034654707,2017-08
87439,1.248459203652154,2017-08
90081,1.1977790044102168,2017-08
85187,1.1830195271588022,2017-08
12173,1.1723388376681174,2017-08
83244,1.443144798832103,2017-09
14422,1.3529214314655629,2017-09
77505,1.248045864634258,2017-09
90129,1.2308454104495812,2017-09
90081,1.1811006482051638,2017-09
84607,1.1428871916228307,2017-09
85013,1.1353044590864538,2017-09
81665,1.0773149685894192,2017-09
86822,1.0404262361523895,2017-09
87589,1.001489045324956,2017-09
87236,1.4808199509678577,2017-10
75033,1.4795380509242952,2017-10
10860,1.3497433090051982,2017-10
86822,1.3266010569274014,2017-10
65008,1.0422377843010255,2017-10
33209,1.0209352176034672,2017-10
87656,0.984718391015978,2017-10
88615,0.9220537996133824,2017-10
83950,0.8908311483480787,2017-10
12166,0.8593028972727162,2017-10
84511,1.5014587262518004,2017-11
65008,1.4382447855662397,2017-11
87656,1.406552166047767,2017-11
12173,1.3509361417458183,2017-11
85349,1.311118678043132,2017-11
35991,1.2297115752595025,2017-11
88351,1.1862762760894066,2017-11
81241,1.156977355169377,2017-11
87589,1.1556819069770763,2017-11
75556,1.137607919250662,2017-11
53373,1.4399628645848497,2017-12
10966,1.242858070469228,2017-12
88370,1.2155597687868016,2017-12
12173,1.210210331498225,2017-12
90081,1.2034117995719762,2017-12
88417,1.202771172508109,2017-12
10860,1.1387100544242157,2017-12
82518,1.0747822344580809,2017-12
15284,1.045255731485176,2017-12
75556,1.004242106777458,2017-12
83622,1.4535530768134808,2018-01
83651,1.445331008219526,2018-01
88370,1.372011279804819,2018-01
88518,1.3696754316735136,2018-01
84302,1.3511968948768542,2018-01
86822,1.3326781747844323,2018-01
90081,1.1652939624950518,2018-01
88351,1.147282299007399,2018-01
12266,1.1358732030930594,2018-01
65008,1.1316600425904166,2018-01
87437,1.4516124552453418,2018-02
88518,1.3957384277248284,2018-02
10966,1.3724866325391265,2018-02
31668,1.3243953759337643,2018-02
90081,1.2421820287623098,2018-02
87236,1.170107316037834,2018-02
87227,1.0935229025903064,2018-02
88370,1.084507954220666,2018-02
76591,1.0802222437408062,2018-02
80563,1.0745721912653434,2018-02
79702,1.5233319477021154,2018-03
75860,1.4733160328401356,2018-03
10966,1.4291144797667263,2018-03
86578,1.4138921172888768,2018-03
84511,1.3610606114416188,2018-03
90081,1.227107931694427,2018-03
86822,1.197402815137219,2018-03
88421,1.1657440054591897,2018-03
88518,1.1288140290156403,2018-03
88370,1.1227379506227406,2018-03
88421,1.4279499218452838,2018-04
43757,1.3832804630552238,2018-04
83651,1.243179777458762,2018-04
47387,1.2286753253654117,2018-04
88518,1.1889263478713197,2018-04
82281,1.1335402750172172,2018-04
83565,1.1000581079816107,2018-04
38850,1.0816971320038824,2018-04
90081,0.9851870374240084,2018-04
53373,0.9409146093541244,2018-04
14815,1.41703372902945,2018-05
82779,1.3523559514104575,2018-05
90081,1.3431952263053788,2018-05
49322,1.3160514671721175,2018-05
87656,1.2991083232717473,2018-05
79702,1.2788982437691685,2018-05
88626,1.2291578832624253,2018-05
75860,1.2045639895145617,2018-05
88174,1.1093990325257836,2018-05
81665,1.098383383956886,2018-05
10966,1.4429176584491272,2018-06
16655,1.3644055286383394,2018-06
88839,1.2925882639244042,2018-06
59089,1.266476142941637,2018-06
31668,1.2619936483727274,2018-06
75860,1.1765927507747869,2018-06
49322,1.146125369186614,2018-06
53373,1.122995873460342,2018-06
88195,1.1118438517513336,2018-06
88332,1.0986386217349573,2018-06
88421,1.485003616250166,2018-07
84413,1.4057781884013658,2018-07
79702,1.3889827462731184,2018-07
83950,1.3534547678437168,2018-07
76128,1.2424115931432285,2018-07
88462,1.190923908832426,2018-07
11636,1.1428715177156077,2018-07
88332,1.1296246055144326,2018-07
76591,1.0945686480742902,2018-07
14173,1.0768846019729352,2018-07
83976,1.3760905541496398,2018-08
53373,1.3647881098689931,2018-08
76128,1.2430680114420125,2018-08
11636,1.238370423340335,2018-08
79089,1.1872663537526178,2018-08
85440,1.104777039846742,2018-08
79702,1.0960698795791346,2018-08
78908,1.0210129110817543,2018-08
77175,1.0105739562996523,2018-08
88332,0.9955304404189792,2018-08
13959,1.4850694513907534,2018-09
72304,1.3573850079986471,2018-09
10966,1.324454154668279,2018-09
84511,1.2210484879539611,2018-09
14815,1.1993889894650436,2018-09
16655,1.1795012454642444,2018-09
82281,1.1566230300942948,2018-09
11636,1.0695246834758718,2018-09
85889,1.0640808889907725,2018-09
88332,1.0386374204944224,2018-09
76128,1.4291948787910138,2018-10
83756,1.3959384187373454,2018-10
85889,1.3282941158081285,2018-10
84062,1.3077185933063968,2018-10
31668,1.299834382321256,2018-10
61146,1.24958593303267,2018-10
79089,1.225161550551429,2018-10
38850,1.22487303600123,2018-10
48072,1.216793030171103,2018-10
11636,1.176509294058389,2018-10
88807,1.342086157497829,2018-11
84413,1.2964181415889644,2018-11
85889,1.2952250606420372,2018-11
83399,1.2874467174531934,2018-11
87227,1.2484089980958777,2018-11
44813,1.2081647175159955,2018-11
30737,1.1620600000269612,2018-11
10890,1.137980662208767,2018-11
38850,1.1255807227931287,2018-11
84062,1.1059380001039691,2018-11
84052,1.392307379650167,2018-12
83565,1.301655857291417,2018-12
84511,1.2745756639062005,2018-12
10890,1.1723860479583108,2018-12
16655,1.166879271044876,2018-12
72304,1.1178281799342082,2018-12
87508,0.9306212727827524,2018-12
87227,0.918143041689618,2018-12
88174,0.8516875464996815,2018-12
61146,0.8435350195190843,2018-12
79089,1.281316840249452,2019-01
72304,1.2400849273894057,2019-01
88807,1.116551222043288,2019-01
84052,1.050321999455792,2019-01
16655,1.048309709603308,2019-01
85889,0.9708178013486624,2019-01
61146,0.9310779964894124,2019-01
78156,0.9177572773125112,2019-01
81624,0.817483664693737,2019-01
11208,0.7859249162621513,2019-01
61146,1.307543062550696,2019-02
86474,1.1352917101138778,2019-02
84511,1.0589151015331588,2019-02
77175,0.9573595282240924,2019-02
76128,0.8791554629920106,2019-02
72304,0.8522924073601984,2019-02
81566,0.8148345910797564,2019-02
79089,0.7873408706045415,2019-02
88807,0.7703534890441367,2019-02
29058,0.6830274335609143,2019-02
10463,1.4504834041560064,2019-03
86474,1.3998418504645276,2019-03
72304,1.078239488269002,2019-03
61146,1.05530201754916,2019-03
84052,1.0013221550181173,2019-03
84511,0.9677402757580884,2019-03
13019,0.8235831707515092,2019-03
77282,0.7425929903518181,2019-03
85889,0.7181753465121136,2019-03
78156,0.6928246177138366,2019-03
46923,1.4159494274467,2019-04
77175,1.3430449135320923,2019-04
72304,1.254335948115944,2019-04
10463,1.2455320734433402,2019-04
75853,0.9312449505438292,2019-04
75854,0.9303432648306136,2019-04
78156,0.8540423749320184,2019-04
29058,0.83574635553008,2019-04
11208,0.8225483239387784,2019-04
16655,0.7697916655762272,2019-04
46923,1.128620618139485,2019-05
10463,1.089498064241906,2019-05
88518,1.008376783755862,2019-05
16655,1.0077568552985352,2019-05
88807,1.0055282015777112,2019-05
75854,1.0036395208708246,2019-05
77175,1.0013185836218037,2019-05
13019,0.9526036702259832,2019-05
72304,0.9000020014108207,2019-05
81588,0.868979426386904,2019-05
88807,1.2801768715099302,2019-06
79586,1.1004806553789386,2019-06
81566,1.0648267903004442,2019-06
75854,1.051653330536526,2019-06
83989,0.939827261575672,2019-06
55993,0.9061986827583048,2019-06
44813,0.904350318232795,2019-06
82747,0.8690700811646658,2019-06
46923,0.8604961191180401,2019-06
88518,0.8598753604573665,2019-06
88518,1.295258446184292,2019-07
88807,1.1968645266164497,2019-07
40416,1.1189986106797534,2019-07
85539,1.0813826614113844,2019-07
19271,0.9475606684011498,2019-07
87439,0.9135615832281724,2019-07
82552,0.8826798457918277,2019-07
88779,0.8709254828814665,2019-07
13019,0.7865956716658282,2019-07
75854,0.7677408863046327,2019-07
88807,1.3313540869879137,2019-08
87439,1.2981693163992951,2019-08
40416,1.2354432381766574,2019-08
82552,1.0843082226962009,2019-08
84052,1.008064902151914,2019-08
19271,0.958560637695546,2019-08
13019,0.9543017828204176,2019-08
88779,0.9185056323865096,2019-08
87753,0.8423300917023525,2019-08
75854,0.7241528398251383,2019-08
44813,1.4959768428090654,2019-09
19271,1.2897870534524418,2019-09
87439,1.2626921562692517,2019-09
82281,1.2082110642251531,2019-09
75854,1.1645122276057145,2019-09
88779,0.9384166641172756,2019-09
40416,0.937326548779216,2019-09
13019,0.915541557672088,2019-09
82552,0.7675257103096725,2019-09
55993,0.7488926980389842,2019-09
40440,1.2862306502895706,2019-10
75854,1.2541915517511115,2019-10
82281,1.2453360919812426,2019-10
55993,1.11482199483183,2019-10
86819,0.9594781076670912,2019-10
88779,0.8806628739678448,2019-10
19271,0.8232681872825365,2019-10
40416,0.8066650769179344,2019-10
87439,0.7616846149572575,2019-10
83916,0.6878994075846141,2019-10
85526,1.3471675638275509,2019-11
86819,1.3218598095144074,2019-11
88779,1.1427557869704497,2019-11
82281,1.0925015918295755,2019-11
10463,1.0836198628714433,2019-11
40416,1.0490027608091228,2019-11
87379,0.8806190086107253,2019-11
71985,0.8791592141375787,2019-11
87439,0.835213363988421,2019-11
83916,0.77974402371155,2019-11
84052,1.4984804250959705,2019-12
25452,1.456306700990774,2019-12
88511,1.447386161275072,2019-12
87439,1.222672344903846,2019-12
10463,1.1410403859941964,2019-12
82281,1.0656874013951438,2019-12
87379,1.022194790456998,2019-12
71985,0.993595433050404,2019-12
88174,0.9776464099351454,2019-12
46923,0.9429481611619376,2019-12
75854,1.4985981677251765,2020-01
44813,1.4638708921279806,2020-01
82281,1.407539634609794,2020-01
88511,1.391716884092915,2020-01
88620,1.375880458247936,2020-01
71985,1.263731172425532,2020-01
82552,1.2499278249256085,2020-01
85627,1.2106579295952464,2020-01
87379,1.18914011029723,2020-01
83630,1.1656845133585372,2020-01
82670,1.4724871828850632,2020-02
25452,1.4340339318555946,2020-02
84255,1.4250606124740812,2020-02
90081,1.2844188119885225,2020-02
40440,1.256402156565554,2020-02
75854,1.23698369385062,2020-02
82552,1.2315022783525102,2020-02
86819,1.1451246322117052,2020-02
87337,1.0961537074983838,2020-02
82281,1.0783187297269252,2020-02
82281,1.4282180529896331,2020-03
25452,1.2546151437137378,2020-03
88626,1.236553105910542,2020-03
87337,0.9555861225574384,2020-03
85627,0.9537242957274116,2020-03
82670,0.907099613276844,2020-03
82552,0.9008803491508992,2020-03
77259,0.8910193554213611,2020-03
88518,0.7788557296964561,2020-03
33849,0.7712821817005995,2020-03
88779,1.3596279081963376,2020-04
87439,1.1165866100737227,2020-04
85526,1.1000778677036886,2020-04
65285,1.0594358741750314,2020-04
25452,1.00888394905622,2020-04
82552,0.9301264594849936,2020-04
86122,0.8109683664137065,2020-04
10333,0.7823506958916383,2020-04
85627,0.7445312811725647,2020-04
82281,0.7428020436080633,2020-04
82552,0.6520656228895686,2020-05
44813,0.623014286598482,2020-05
10333,0.5410606120786784,2020-05
47677,0.5075605904574952,2020-05
85526,0.5046457032305841,2020-05
46922,0.4799703183811228,2020-05
25452,0.4546978973032303,2020-05
72611,0.4225178316536473,2020-05
82281,0.3408183236321151,2020-05
75860,0.2986255023941019,2020-05
88807,1.2548137317355594,2020-06
86889,1.215652162072401,2020-06
83149,1.2067750535593615,2020-06
85526,1.2038506961255593,2020-06
84255,1.13821720099926,2020-06
47677,1.1030355784445898,2020-06
75860,1.0705989366381043,2020-06
72611,0.9887820362620324,2020-06
25452,0.8765093193986332,2020-06
32651,0.8350501387856087,2020-06
85526,1.4269485076057524,2020-07
83149,1.339439473823946,2020-07
55862,1.2657962357746464,2020-07
80812,1.0288617347394522,2020-07
88807,1.015949209842428,2020-07
81893,0.9791649414431348,2020-07
75860,0.9716705045562376,2020-07
65285,0.9428482057514688,2020-07
11825,0.8035697168768207,2020-07
76128,0.7891579146421435,2020-07
80812,1.4403386985301991,2020-08
82670,1.3758128973404242,2020-08
85526,1.2681725328967677,2020-08
46922,1.2325899721267803,2020-08
76128,1.2216848371938742,2020-08
11825,1.1921024188303262,2020-08
81893,1.1755882599413356,2020-08
88518,1.1100892857974476,2020-08
14815,1.107137350466015,2020-08
88462,1.0603622006739106,2020-08
87658,1.4374867278812948,2020-09
10530,1.432431127941889,2020-09
80812,1.3535626187551315,2020-09
10257,1.2544978497763564,2020-09
46922,1.1444329801768678,2020-09
31668,1.1228902953827795,2020-09
10645,1.0798260212359918,2020-09
77515,0.9835782252482256,2020-09
10514,0.961024092071348,2020-09
84604,0.9524252308045442,2020-09
88462,1.349913323910737,2020-10
31668,1.337948006773989,2020-10
88468,1.2486217728124742,2020-10
88807,1.176404968965196,2020-10
10514,1.1282180761330634,2020-10
81761,1.1008442930757611,2020-10
77515,1.0483811122388418,2020-10
11825,1.042989824651046,2020-10
55862,1.0380431547429043,2020-10
12209,0.9315257350700952,2020-10
10514,1.4154834522260566,2020-11
82567,1.3736217067210064,2020-11
31668,1.3641593685244002,2020-11
12209,1.2920232061494732,2020-11
77515,1.2878875724089536,2020-11
79499,1.2673513182996383,2020-11
42358,1.0531924978563048,2020-11
85205,1.0471107468680951,2020-11
55862,1.0301481603887352,2020-11
32651,1.0228286234377113,2020-11
14925,1.3159977864015318,2020-12
14815,1.2576700725539969,2020-12
75033,1.2426745342215448,2020-12
89606,1.1936767213474566,2020-12
77515,1.1862852595556634,2020-12
67467,1.1663823322663265,2020-12
47677,1.119042192936959,2020-12
88468,1.0917372524484656,2020-12
12209,1.075566997310711,2020-12
82567,1.0158298816591496,2020-12
86098,1.4825561313734392,2021-01
88332,1.4266735683639185,2021-01
31668,1.4059697610899202,2021-01
77175,1.323058029448608,2021-01
87464,1.2225279537159768,2021-01
87471,1.209079554063557,2021-01
86211,1.18717308998695,2021-01
59483,1.1671864898616715,2021-01
55862,1.0988954049426036,2021-01
84604,1.0974830176488315,2021-01
84604,1.4790402881744371,2021-02
80306,1.3852401320523515,2021-02
87464,1.334265921942346,2021-02
85526,1.320245909673751,2021-02
33532,1.31718584028416,2021-02
81593,1.3006837014548034,2021-02
14442,1.2241661951850225,2021-02
85757,1.21847708678856,2021-02
12209,1.2050012350438473,2021-02
89606,1.1849514533002103,2021-02
81761,1.5198131330561535,2021-03
86098,1.498074746701854,2021-03
84511,1.4602594067566164,2021-03
31668,1.4554123717631935,2021-03
63765,1.425603392560852,2021-03
81278,1.4235132208290977,2021-03
88807,1.4135776702860166,2021-03
87464,1.4070575631062685,2021-03
80534,1.3762711291709386,2021-03
33532,1.3652068795808447,2021-03
90081,1.477343718434661,2021-04
88810,1.4299393213113656,2021-04
86819,1.4275171586897628,2021-04
74908,1.4217008815925125,2021-04
88319,1.4177808332175987,2021-04
88287,1.402028918752915,2021-04
79037,1.3993006906805403,2021-04
89606,1.3976883251035317,2021-04
86560,1.3929363572717173,2021-04
10779,1.3700672907676594,2021-04
87759,1.5078728260615015,2021-05
84203,1.4998647549643884,2021-05
86242,1.4890737141780672,2021-05
78044,1.4517734979644696,2021-05
86578,1.444176453745559,2021-05
86113,1.4426369363637634,2021-05
15380,1.435207876094663,2021-05
78054,1.433913268340251,2021-05
84302,1.4323713769024324,2021-05
71985,1.4318019796501302,2021-05
88485,1.485796763780289,2021-06
21055,1.4827047360908463,2021-06
50286,1.475659051081884,2021-06
43123,1.453486543045994,2021-06
86763,1.4470001117944256,2021-06
80375,1.4294449972816206,2021-06
30648,1.4241851731233703,2021-06
79037,1.4116838814701798,2021-06
83244,1.4026251904915967,2021-06
88839,1.4003584021109232,2021-06
77393,1.503091374451126,2021-07
87759,1.5012099593039845,2021-07
18438,1.486453762404015,2021-07
17107,1.4648040949838228,2021-07
86489,1.4498353608791947,2021-07
86113,1.4455651997756502,2021-07
58421,1.442239149726845,2021-07
59774,1.4355672675685025,2021-07
77659,1.42497296729247,2021-07
86822,1.413786537255502,2021-07
79571,1.497241107860482,2021-08
86113,1.483776128741097,2021-08
63125,1.4816533780630374,2021-08
83565,1.4790116178542732,2021-08
58421,1.4666004077431922,2021-08
24459,1.4635762395284684,2021-08
88839,1.4561467689624306,2021-08
14815,1.4423511376056712,2021-08
49138,1.423481704236199,2021-08
84607,1.4133130970675754,2021-08
79866,1.4960503484518648,2021-09
11368,1.4825674693748536,2021-09
76360,1.4816215184179051,2021-09
42358,1.4544241216100355,2021-09
84084,1.4458540029676947,2021-09
85419,1.4389831767202996,2021-09
87464,1.4371517605909927,2021-09
79571,1.3701047056480975,2021-09
85314,1.3477454857829776,2021-09
74908,1.320068368905275,2021-09
38746,1.4711578573326085,2021-10
86593,1.4690778289831723,2021-10
86822,1.4627716831454154,2021-10
87464,1.455674341703507,2021-10
77393,1.4506899957057966,2021-10
79499,1.4481350717851134,2021-10
85187,1.4456691735062237,2021-10
10514,1.4440090881413707,2021-10
76515,1.4078278593900466,2021-10
82171,1.3928724281305067,2021-10
83976,1.4191753394670523,2021-11
84511,1.3947299095823191,2021-11
83520,1.3892025047452548,2021-11
82508,1.3582027961885106,2021-11
79322,1.3071498548793814,2021-11
31051,1.278815037377244,2021-11
44768,1.2727801883556789,2021-11
90081,1.254061409899704,2021-11
85013,1.252258715947398,2021-11
86593,1.2406174953938311,2021-11
18438,1.427901379794294,2021-12
81084,1.4257748082546438,2021-12
80534,1.397031058186739,2021-12
89790,1.3894709279498154,2021-12
77785,1.3702897113256656,2021-12
77515,1.368488826930257,2021-12
85539,1.3639688532790877,2021-12
80274,1.3462801036407417,2021-12
79791,1.2919323094049613,2021-12
66852,1.253644550383585,2021-12
12266,1.4252502809116308,2022-01
84203,1.399393039614634,2022-01
76946,1.345607368650552,2022-01
89790,1.3087653702192412,2022-01
85539,1.2963285868078518,2022-01
83145,1.2794240973787123,2022-01
10886,1.2497350155568556,2022-01
86819,1.210334005302108,2022-01
66852,1.2044259107447348,2022-01
87464,1.172769067516646,2022-01
76946,1.3042904738262366,2022-02
77785,1.2694702084737213,2022-02
65285,1.2635958111788446,2022-02
84203,1.2499023088827814,2022-02
50286,1.2446179481201092,2022-02
78963,1.2258607312219636,2022-02
59483,1.207155258943286,2022-02
86728,1.0195202320682786,2022-02
88462,1.007248161682209,2022-02
66852,1.002359918852073,2022-02
81084,1.3480535132543066,2022-03
85757,1.2924606916484962,2022-03
84203,1.2623539858713273,2022-03
86819,1.2408381898744134,2022-03
87464,1.0943483662296607,2022-03
76946,0.928330263418686,2022-03
80179,0.9135757611224292,2022-03
66852,0.8895161312939321,2022-03
76934,0.8702469156423966,2022-03
86728,0.8470080029662125,2022-03
87464,1.3332100412036023,2022-04
88372,1.3302016536066226,2022-04
81084,1.1648387703504444,2022-04
86578,1.0554809527239044,2022-04
83520,0.989000358028338,2022-04
80179,0.9553185445613236,2022-04
84203,0.8576535684588362,2022-04
66852,0.7288573488307563,2022-04
86728,0.6726703062714819,2022-04
43334,0.6494649558026503,2022-04
89790,1.1596874834001147,2022-05
90081,1.0891588534560568,2022-05
80179,1.0438290379562425,2022-05
88372,0.9358625387426932,2022-05
86728,0.8159958723787224,2022-05
49322,0.7879793232358511,2022-05
84604,0.7536081816194878,2022-05
10257,0.6992020418957552,2022-05
80837,0.6608699300846189,2022-05
88417,0.6579134927355881,2022-05
81084,1.1722446162727165,2022-06
81182,1.0378230860027966,2022-06
80179,0.9787926885294111,2022-06
84604,0.9490090195631408,2022-06
49322,0.9032651050730572,2022-06
79322,0.7490186612286717,2022-06
80837,0.7278545735640318,2022-06
46923,0.7018111799051691,2022-06
87069,0.6745502992246712,2022-06
28118,0.6738300932824416,2022-06
80179,1.1248119444138802,2022-07
28118,1.0832921461622953,2022-07
49322,1.0605787462066885,2022-07
84604,0.9720483457565748,2022-07
87069,0.8391598069497888,2022-07
85686,0.7682865660000889,2022-07
88568,0.6568188789948353,2022-07
46923,0.654022763196082,2022-07
87510,0.5920214627643581,2022-07
77790,0.5854288838911139,2022-07
84604,1.2896032663119632,2022-08
85686,1.137209114001016,2022-08
81084,0.9840163812724236,2022-08
80179,0.9055952424479288,2022-08
66852,0.7603418391386293,2022-08
85205,0.7488145801082909,2022-08
81182,0.5670485762200654,2022-08
12226,0.5241302265713849,2022-08
79903,0.5208835507822784,2022-08
87364,0.4516183435750917,2022-08
81084,1.5070286251993914,2022-09
80179,1.204759898905858,2022-09
84604,0.974369357808996,2022-09
85205,0.9105332546800724,2022-09
66852,0.6334357474067749,2022-09
86242,0.6312961695755465,2022-09
79903,0.5524824034362317,2022-09
46923,0.4957394113112001,2022-09
77785,0.4646862150193301,2022-09
28118,0.4631933311988167,2022-09
85205,1.3146583808475063,2022-10
80179,1.227345417703833,2022-10
81084,1.1507925409292008,2022-10
86242,1.1376248996989646,2022-10
84604,0.939571102115801,2022-10
79903,0.8344174950836566,2022-10
17372,0.7976936186138357,2022-10
83756,0.7646482311157061,2022-10
83520,0.7171387806622794,2022-10
66852,0.5531691204372244,2022-10
84604,1.0466736915867865,2022-11
85686,1.0109837771831782,2022-11
81084,0.8972476886651077,2022-11
85205,0.8966768067868515,2022-11
13019,0.7821093977906165,2022-11
83520,0.6890825375190551,2022-11
86242,0.6821911501498807,2022-11
17372,0.6010518418489513,2022-11
87069,0.5406427817662445,2022-11
10530,0.5177054143940724,2022-11
86242,1.513165170092981,2022-12
81084,1.2350120047940962,2022-12
85168,1.1137360745531926,2022-12
66852,1.032489988524418,2022-12
84604,0.985306286353668,2022-12
79444,0.952707900299968,2022-12
85205,0.8961263278566509,2022-12
87069,0.8024993614163345,2022-12
13019,0.7856817774912243,2022-12
28118,0.7740556003419808,2022-12
86242,1.4841001769769009,2023-01
81084,1.327622904630308,2023-01
84604,1.2150170973992516,2023-01
54704,0.9223766697063822,2023-01
87069,0.9063990114672896,2023-01
85168,0.8703547208303972,2023-01
79444,0.8291083715045022,2023-01
66852,0.7422734161134744,2023-01
83756,0.7343355353669812,2023-01
13019,0.7012480493423843,2023-01
81084,1.4881827902551397,2023-02
86242,1.4600501262054952,2023-02
21527,1.0200672567056597,2023-02
54704,0.9920436253547912,2023-02
83756,0.9672050632314352,2023-02
13019,0.9547215030566224,2023-02
85168,0.9179365369920112,2023-02
63125,0.8991315076813999,2023-02
83520,0.8097321845448048,2023-02
49322,0.7168260937189731,2023-02
81084,1.4437004919569365,2023-03
85272,1.355720709819472,2023-03
86242,1.3290129659824317,2023-03
17372,1.3261715229339106,2023-03
54704,1.1665450727126665,2023-03
49322,0.9241581838629808,2023-03
63125,0.8112504511262618,2023-03
75714,0.7919634516183953,2023-03
85168,0.7885633474669677,2023-03
63715,0.7641196999232751,2023-03
54704,1.490249700885939,2023-04
63715,1.1713916780483262,2023-04
77505,1.0539794709638377,2023-04
83756,0.8487848449625305,2023-04
86242,0.8395029869870765,2023-04
63125,0.8263839260449133,2023-04
85570,0.8102077936288627,2023-04
46463,0.7847873437705455,2023-04
85686,0.7607070856651491,2023-04
77117,0.7139315880646895,2023-04
78988,1.4658917585354934,2023-05
85013,1.3987618333684522,2023-05
77505,1.189696019440792,2023-05
87658,1.1697492962642628,2023-05
86242,1.1220001887615012,2023-05
63715,1.099546749387735,2023-05
63125,1.0510449993819544,2023-05
13019,1.009864466763266,2023-05
55993,0.9593518197410736,2023-05
75714,0.8883650098024714,2023-05
86242,1.3308405990486227,2023-06
85013,1.3260065023575742,2023-06
87658,1.2867191177492705,2023-06
21732,1.2326746454355155,2023-06
78988,1.2235573585447497,2023-06
17372,1.119128762954427,2023-06
75714,1.062488678599795,2023-06
77505,1.0544059575889584,2023-06
85570,0.8309970370630735,2023-06
13019,0.768881277321128,2023-06
54704,1.3748834672372257,2023-07
63715,1.332490751431632,2023-07
78988,1.1303423418397225,2023-07
85570,1.048260543811936,2023-07
85686,0.9629130256663662,2023-07
83756,0.9167830950063194,2023-07
80233,0.9139892570591096,2023-07
79499,0.908141734289141,2023-07
21527,0.8939973675280127,2023-07
77505,0.8902634570584304,2023-07
87437,1.4529883778033514,2023-08
63715,1.3939815581012538,2023-08
54704,1.3013392406145168,2023-08
87658,1.2453032728981963,2023-08
86242,1.13643635142464,2023-08
78988,1.0236419620421642,2023-08
77505,0.941487441319493,2023-08
83976,0.9219827694065194,2023-08
84387,0.9159576624549411,2023-08
65285,0.8721683045145536,2023-08
65285,1.442192981783104,2023-09
21554,1.3509907144972937,2023-09
58975,1.314052052009682,2023-09
63715,1.308331502480682,2023-09
54704,1.2930629901683672,2023-09
77505,1.288117280766063,2023-09
21527,1.2565969357715492,2023-09
85013,1.183411547929978,2023-09
80193,1.1675871825657786,2023-09
59185,1.1324180672859827,2023-09
84387,1.5079714126346349,2023-10
85168,1.4000394612647724,2023-10
80375,1.173940254070163,2023-10
34673,1.171852781771119,2023-10
85013,1.1004477110220523,2023-10
15457,1.0271857511892166,2023-10
45306,1.0034262489917174,2023-10
85567,0.9929236116632404,2023-10
51263,0.9912531897998756,2023-10
77505,0.9903917722092868,2023-10
80233,1.3957580731905423,2023-11
79499,1.3531220365690344,2023-11
54704,1.3362120397288817,2023-11
65285,1.3067328761734274,2023-11
76279,1.203385660240673,2023-11
10421,1.180216586562506,2023-11
85272,1.0292746184313604,2023-11
80193,1.0216910556719525,2023-11
59185,0.9693921649212586,2023-11
80375,0.9077100129268956,2023-11
85567,1.477209806817413,2023-12
79499,1.1958725713128175,2023-12
84387,1.174630836038466,2023-12
10421,1.0960124731249246,2023-12
76279,1.0815993097722898,2023-12
37402,0.912482143348795,2023-12
56945,0.8460746445113896,2023-12
13019,0.8418437045425857,2023-12
75320,0.7936212589411441,2023-12
75714,0.7282259179796917,2023-12
